<?xml version="1.0" encoding="utf-8" ?>
<dwsync>
<file name="pay.php" server="C:/xampp/htdocs/car_rental/" local="132293287771343488" remote="132293287770000000" Dst="0" />
<file name="hector.php" server="C:/xampp/htdocs/car_rental/" local="132293286107810828" remote="132293286100000000" Dst="0" />
<file name="bentley.php" server="C:/xampp/htdocs/car_rental/" local="132293285529057352" remote="132293285520000000" Dst="0" />
<file name="rolls.php" server="C:/xampp/htdocs/car_rental/" local="132273781544007670" remote="132273781540000000" Dst="0" />
<file name="tesla.php" server="C:/xampp/htdocs/car_rental/" local="132273782562344923" remote="132273782560000000" Dst="0" />
<file name="range.php" server="C:/xampp/htdocs/car_rental/" local="132273783228567027" remote="132273783220000000" Dst="0" />
<file name="xuv.php" server="C:/xampp/htdocs/car_rental/" local="132273783794164230" remote="132273783790000000" Dst="0" />
<file name="jeep.php" server="C:/xampp/htdocs/car_rental/" local="132273784447415891" remote="132273784440000000" Dst="0" />
<file name="skoda.php" server="C:/xampp/htdocs/car_rental/" local="132273785758560891" remote="132273785750000000" Dst="0" />
<file name="home.php" server="C:/xampp/htdocs/car_rental/" local="132273489934592414" remote="132273489930000000" Dst="0" />
</dwsync>