<?xml version="1.0" encoding="utf-8" ?>
<dwsync>
<file name="s1.png" server="C:/xampp/htdocs/car_rental/" local="132272863882344414" remote="132272863880000000" Dst="0" />
<file name="s2.png" server="C:/xampp/htdocs/car_rental/" local="132272865134283908" remote="132272865130000000" Dst="0" />
<file name="s3.png" server="C:/xampp/htdocs/car_rental/" local="132272867948067715" remote="132272867940000000" Dst="0" />
<file name="s4.png" server="C:/xampp/htdocs/car_rental/" local="132272938298102406" remote="132272938290000000" Dst="0" />
<file name="h1.jpg" server="C:/xampp/htdocs/car_rental/" local="132273409581083756" remote="132273409580000000" Dst="0" />
<file name="8.jpg" server="C:/xampp/htdocs/car_rental/" local="132272635033310652" remote="132272635030000000" Dst="0" />
<file name="b2.jpg" server="C:/xampp/htdocs/car_rental/" local="132272890389090925" remote="132272890380000000" Dst="0" />
<file name="1.jpg" server="C:/xampp/htdocs/car_rental/" local="132272015778954183" remote="132272015770000000" Dst="0" />
<file name="r2.jpg" server="C:/xampp/htdocs/car_rental/" local="132272915274268705" remote="132272915270000000" Dst="0" />
<file name="2.jpg" server="C:/xampp/htdocs/car_rental/" local="132272018471679787" remote="132272018470000000" Dst="0" />
<file name="t2.jpg" server="C:/xampp/htdocs/car_rental/" local="132272932331803898" remote="132272932330000000" Dst="0" />
<file name="3.jpg" server="C:/xampp/htdocs/car_rental/" local="132272617803925611" remote="132272617800000000" Dst="0" />
<file name="v2.jpg" server="C:/xampp/htdocs/car_rental/" local="132272945551231551" remote="132272945550000000" Dst="0" />
<file name="4.jpg" server="C:/xampp/htdocs/car_rental/" local="132272619050981669" remote="132272619050000000" Dst="0" />
<file name="x2.jpg" server="C:/xampp/htdocs/car_rental/" local="132273391527753996" remote="132273391520000000" Dst="0" />
<file name="5.jpg" server="C:/xampp/htdocs/car_rental/" local="132272631665771174" remote="132272631660000000" Dst="0" />
<file name="j2.jpg" server="C:/xampp/htdocs/car_rental/" local="132273400294156724" remote="132273400290000000" Dst="0" />
<file name="6.jpg" server="C:/xampp/htdocs/car_rental/" local="132272632934837440" remote="132272632930000000" Dst="0" />
<file name="sk.jpg" server="C:/xampp/htdocs/car_rental/" local="132273405177919829" remote="132273405170000000" Dst="0" />
<file name="7.png" server="C:/xampp/htdocs/car_rental/" local="132272634027377800" remote="132272634020000000" Dst="0" />
</dwsync>